ResponseId,PROLIFIC_PID,ChartType,actual,analogy,actualOverlay,analogyOverlay
R_80P2HAsmCHZkbq8,60f47600a931759ef3d1a505,Heatmap,/Users/h2o/Desktop/finalSketches/HeatmapActual/R_80P2HAsmCHZkbq8_signature.png,/Users/h2o/Desktop/finalSketches/HeatmapAnalogy/R_80P2HAsmCHZkbq8_signature.png,/Users/h2o/Documents/Projects/AnalogyVis/analysis/annotations/heatmap/R_80P2HAsmCHZkbq8_signature.png_actual_composite.png,/Users/h2o/Documents/Projects/AnalogyVis/analysis/annotations/heatmap/R_80P2HAsmCHZkbq8_signature.png_analogy_composite.png
R_2xxuuFrPu8yIUzp,6604674670aaf5b1fd5fa623,StackedArea,/Users/h2o/Desktop/finalSketches/StackedAreaBaseline/R_2xxuuFrPu8yIUzp_signature.png,/Users/h2o/Desktop/finalSketches/StackedAreaAnalogy/R_2xxuuFrPu8yIUzp_signature.png,/Users/h2o/Documents/Projects/AnalogyVis/analysis/annotations/stackedArea/R_2xxuuFrPu8yIUzp_signature.png_actual_composite.png,/Users/h2o/Documents/Projects/AnalogyVis/analysis/annotations/stackedArea/R_2xxuuFrPu8yIUzp_signature.png_analogy_composite.png
R_8Cw0ccQGdR3Ewmh,66d70f8a63fd78797e0776e1,ButterflyChart,/Users/h2o/Desktop/finalSketches/ButterflyActual/R_8Cw0ccQGdR3Ewmh_signature.png,/Users/h2o/Desktop/finalSketches/ButterflyAnalogy/R_8Cw0ccQGdR3Ewmh_signature.png,/Users/h2o/Documents/Projects/AnalogyVis/analysis/annotations/butterfly/R_8Cw0ccQGdR3Ewmh_signature.png_actual_composite.png,/Users/h2o/Documents/Projects/AnalogyVis/analysis/annotations/butterfly/R_8Cw0ccQGdR3Ewmh_signature.png_analogy_composite.png
R_4iW5phNDZpIP8Ra,65f2c94f51a74efdab1d1442,Waterfall,/Users/h2o/Desktop/finalSketches/WaterfallActual/R_4iW5phNDZpIP8Ra_signature.png,/Users/h2o/Desktop/finalSketches/WaterfallAnalogy/R_4iW5phNDZpIP8Ra_signature.png,/Users/h2o/Documents/Projects/AnalogyVis/analysis/annotations/waterfall/R_4iW5phNDZpIP8Ra_signature.png_actual_composite.png,/Users/h2o/Documents/Projects/AnalogyVis/analysis/annotations/waterfall/R_4iW5phNDZpIP8Ra_signature.png_analogy_composite.png
R_810qGiLH4P85Dae,60cd29821711a41cf8d42a92,Sunburst,/Users/h2o/Desktop/finalSketches/Sunburst Draw/R_810qGiLH4P85Dae_signature.png,/Users/h2o/Desktop/finalSketches/SunburstAnalogy/R_810qGiLH4P85Dae_signature.png,/Users/h2o/Documents/Projects/AnalogyVis/analysis/annotations/sunburst/R_810qGiLH4P85Dae_signature.png_actual_composite.png,/Users/h2o/Documents/Projects/AnalogyVis/analysis/annotations/sunburst/R_810qGiLH4P85Dae_signature.png_analogy_composite.png
R_7upjLmYQVr3aZEJ,663a27bfa1e92a6df3aa5a29,BubbleChart,/Users/h2o/Desktop/finalSketches/BubbleActual/R_7upjLmYQVr3aZEJ_signature.png,/Users/h2o/Desktop/finalSketches/BubbleAnalogy/R_7upjLmYQVr3aZEJ_signature.png,/Users/h2o/Documents/Projects/AnalogyVis/analysis/annotations/bubble/R_7upjLmYQVr3aZEJ_signature.png_actual_composite.png,/Users/h2o/Documents/Projects/AnalogyVis/analysis/annotations/bubble/R_7upjLmYQVr3aZEJ_signature.png_analogy_composite.png
R_54kICZD2LftXRSN,676191c90a2f4ed117de625d,Sunburst,/Users/h2o/Desktop/finalSketches/Sunburst Draw/R_54kICZD2LftXRSN_signature.png,/Users/h2o/Desktop/finalSketches/SunburstAnalogy/R_54kICZD2LftXRSN_signature.png,/Users/h2o/Documents/Projects/AnalogyVis/analysis/annotations/sunburst/R_54kICZD2LftXRSN_signature.png_actual_composite.png,/Users/h2o/Documents/Projects/AnalogyVis/analysis/annotations/sunburst/R_54kICZD2LftXRSN_signature.png_analogy_composite.png
R_2KZ0NRubjDaUzKi,65cf6d8a589a67afcab54e6f,Heatmap,/Users/h2o/Desktop/finalSketches/HeatmapActual/R_2KZ0NRubjDaUzKi_signature.png,/Users/h2o/Desktop/finalSketches/HeatmapAnalogy/R_2KZ0NRubjDaUzKi_signature.png,/Users/h2o/Documents/Projects/AnalogyVis/analysis/annotations/heatmap/R_2KZ0NRubjDaUzKi_signature.png_actual_composite.png,/Users/h2o/Documents/Projects/AnalogyVis/analysis/annotations/heatmap/R_2KZ0NRubjDaUzKi_signature.png_analogy_composite.png
R_2L6kx3LtmHvGacl,6717c466a1a5d0cb15bca12e,BubbleChart,/Users/h2o/Desktop/finalSketches/BubbleActual/R_2L6kx3LtmHvGacl_signature.png,/Users/h2o/Desktop/finalSketches/BubbleAnalogy/R_2L6kx3LtmHvGacl_signature.png,/Users/h2o/Documents/Projects/AnalogyVis/analysis/annotations/bubble/R_2L6kx3LtmHvGacl_signature.png_actual_composite.png,/Users/h2o/Documents/Projects/AnalogyVis/analysis/annotations/bubble/R_2L6kx3LtmHvGacl_signature.png_analogy_composite.png
R_8kNvAcFzzYy7N81,669805578284a188217bd535,Heatmap,/Users/h2o/Desktop/finalSketches/HeatmapActual/R_8kNvAcFzzYy7N81_signature.png,/Users/h2o/Desktop/finalSketches/HeatmapAnalogy/R_8kNvAcFzzYy7N81_signature.png,/Users/h2o/Documents/Projects/AnalogyVis/analysis/annotations/heatmap/R_8kNvAcFzzYy7N81_signature.png_actual_composite.png,/Users/h2o/Documents/Projects/AnalogyVis/analysis/annotations/heatmap/R_8kNvAcFzzYy7N81_signature.png_analogy_composite.png
R_8rMCnhbp4mTFYDr,668c1350cffa1447098fc5fa,BubbleChart,/Users/h2o/Desktop/finalSketches/BubbleActual/R_8rMCnhbp4mTFYDr_signature.png,/Users/h2o/Desktop/finalSketches/BubbleAnalogy/R_8rMCnhbp4mTFYDr_signature.png,/Users/h2o/Documents/Projects/AnalogyVis/analysis/annotations/bubble/R_8rMCnhbp4mTFYDr_signature.png_actual_composite.png,/Users/h2o/Documents/Projects/AnalogyVis/analysis/annotations/bubble/R_8rMCnhbp4mTFYDr_signature.png_analogy_composite.png
R_8PuJh6uXGoic6PX,6759785f0485811693adb78a,StackedArea,/Users/h2o/Desktop/finalSketches/StackedAreaBaseline/R_8PuJh6uXGoic6PX_signature.png,/Users/h2o/Desktop/finalSketches/StackedAreaAnalogy/R_8PuJh6uXGoic6PX_signature.png,/Users/h2o/Documents/Projects/AnalogyVis/analysis/annotations/stackedArea/R_8PuJh6uXGoic6PX_signature.png_actual_composite.png,/Users/h2o/Documents/Projects/AnalogyVis/analysis/annotations/stackedArea/R_8PuJh6uXGoic6PX_signature.png_analogy_composite.png
R_25yL6bDTb1S1Pu6,676d3ef7769d39d4537e67d4,Histogram,/Users/h2o/Desktop/finalSketches/HistogramActual/R_25yL6bDTb1S1Pu6_signature.png,/Users/h2o/Desktop/finalSketches/HistogramAnalogy/R_25yL6bDTb1S1Pu6_signature.png,/Users/h2o/Documents/Projects/AnalogyVis/analysis/annotations/histogram/R_25yL6bDTb1S1Pu6_signature.png_actual_composite.png,/Users/h2o/Documents/Projects/AnalogyVis/analysis/annotations/histogram/R_25yL6bDTb1S1Pu6_signature.png_analogy_composite.png
R_8SuTwo9G0GBp6Ia,671548f8dd0a40f33a705949,ButterflyChart,/Users/h2o/Desktop/finalSketches/ButterflyActual/R_8SuTwo9G0GBp6Ia_signature.png,/Users/h2o/Desktop/finalSketches/ButterflyAnalogy/R_8SuTwo9G0GBp6Ia_signature.png,/Users/h2o/Documents/Projects/AnalogyVis/analysis/annotations/butterfly/R_8SuTwo9G0GBp6Ia_signature.png_actual_composite.png,/Users/h2o/Documents/Projects/AnalogyVis/analysis/annotations/butterfly/R_8SuTwo9G0GBp6Ia_signature.png_analogy_composite.png
R_1p5VkxFvGAsGiHm,672424ca4e8e26ce7ca1a389,Waterfall,/Users/h2o/Desktop/finalSketches/WaterfallActual/R_1p5VkxFvGAsGiHm_signature.png,/Users/h2o/Desktop/finalSketches/WaterfallAnalogy/R_1p5VkxFvGAsGiHm_signature.png,/Users/h2o/Documents/Projects/AnalogyVis/analysis/annotations/waterfall/R_1p5VkxFvGAsGiHm_signature.png_actual_composite.png,/Users/h2o/Documents/Projects/AnalogyVis/analysis/annotations/waterfall/R_1p5VkxFvGAsGiHm_signature.png_analogy_composite.png
R_2b2X9v3vlIM1SmG,65956da632d08b50de4cc07f,Sunburst,/Users/h2o/Desktop/finalSketches/Sunburst Draw/R_2b2X9v3vlIM1SmG_signature.png,/Users/h2o/Desktop/finalSketches/SunburstAnalogy/R_2b2X9v3vlIM1SmG_signature.png,/Users/h2o/Documents/Projects/AnalogyVis/analysis/annotations/sunburst/R_2b2X9v3vlIM1SmG_signature.png_actual_composite.png,/Users/h2o/Documents/Projects/AnalogyVis/analysis/annotations/sunburst/R_2b2X9v3vlIM1SmG_signature.png_analogy_composite.png
R_21HcLozZQLEradW,66dbe8d27823bdf6c4509835,StackedArea,/Users/h2o/Desktop/finalSketches/StackedAreaBaseline/R_21HcLozZQLEradW_signature.png,/Users/h2o/Desktop/finalSketches/StackedAreaAnalogy/R_21HcLozZQLEradW_signature.png,/Users/h2o/Documents/Projects/AnalogyVis/analysis/annotations/stackedArea/R_21HcLozZQLEradW_signature.png_actual_composite.png,/Users/h2o/Documents/Projects/AnalogyVis/analysis/annotations/stackedArea/R_21HcLozZQLEradW_signature.png_analogy_composite.png
R_2aasdGAZbcTZKHD,611d0afbb2a19acfd012545b,Heatmap,/Users/h2o/Desktop/finalSketches/HeatmapActual/R_2aasdGAZbcTZKHD_signature.png,/Users/h2o/Desktop/finalSketches/HeatmapAnalogy/R_2aasdGAZbcTZKHD_signature.png,/Users/h2o/Documents/Projects/AnalogyVis/analysis/annotations/heatmap/R_2aasdGAZbcTZKHD_signature.png_actual_composite.png,/Users/h2o/Documents/Projects/AnalogyVis/analysis/annotations/heatmap/R_2aasdGAZbcTZKHD_signature.png_analogy_composite.png
R_8Y9oxpdQj48UzsZ,66b8e8f12fa9160e4ca9f25b,Waterfall,/Users/h2o/Desktop/finalSketches/WaterfallActual/R_8Y9oxpdQj48UzsZ_signature.png,/Users/h2o/Desktop/finalSketches/WaterfallAnalogy/R_8Y9oxpdQj48UzsZ_signature.png,/Users/h2o/Documents/Projects/AnalogyVis/analysis/annotations/waterfall/R_8Y9oxpdQj48UzsZ_signature.png_actual_composite.png,/Users/h2o/Documents/Projects/AnalogyVis/analysis/annotations/waterfall/R_8Y9oxpdQj48UzsZ_signature.png_analogy_composite.png
R_720uK7rbHLryyt3,613a70774e42055f91081fc5,Waterfall,/Users/h2o/Desktop/finalSketches/WaterfallActual/R_720uK7rbHLryyt3_signature.png,/Users/h2o/Desktop/finalSketches/WaterfallAnalogy/R_720uK7rbHLryyt3_signature.png,/Users/h2o/Documents/Projects/AnalogyVis/analysis/annotations/waterfall/R_720uK7rbHLryyt3_signature.png_actual_composite.png,/Users/h2o/Documents/Projects/AnalogyVis/analysis/annotations/waterfall/R_720uK7rbHLryyt3_signature.png_analogy_composite.png
R_8sndAg6gt7jiNHL,5eaf3e142627076426921b1b,BarChart,/Users/h2o/Desktop/finalSketches/BarActual/R_8sndAg6gt7jiNHL_signature.png,/Users/h2o/Desktop/finalSketches/BarAnalogy/R_8sndAg6gt7jiNHL_signature.png,/Users/h2o/Documents/Projects/AnalogyVis/analysis/annotations/bar/R_8sndAg6gt7jiNHL_signature.png_actual_composite.png,/Users/h2o/Documents/Projects/AnalogyVis/analysis/annotations/bar/R_8sndAg6gt7jiNHL_signature.png_analogy_composite.png
R_8dN05v6wHFimtBn,5c782149396b890001d98a64,BubbleChart,/Users/h2o/Desktop/finalSketches/BubbleActual/R_8dN05v6wHFimtBn_signature.png,/Users/h2o/Desktop/finalSketches/BubbleAnalogy/R_8dN05v6wHFimtBn_signature.png,/Users/h2o/Documents/Projects/AnalogyVis/analysis/annotations/bubble/R_8dN05v6wHFimtBn_signature.png_actual_composite.png,/Users/h2o/Documents/Projects/AnalogyVis/analysis/annotations/bubble/R_8dN05v6wHFimtBn_signature.png_analogy_composite.png
R_5eLAerJAwZNLxTI,676ed3431b658e8d1d80084a,Histogram,/Users/h2o/Desktop/finalSketches/HistogramActual/R_5eLAerJAwZNLxTI_signature.png,/Users/h2o/Desktop/finalSketches/HistogramAnalogy/R_5eLAerJAwZNLxTI_signature.png,/Users/h2o/Documents/Projects/AnalogyVis/analysis/annotations/histogram/R_5eLAerJAwZNLxTI_signature.png_actual_composite.png,/Users/h2o/Documents/Projects/AnalogyVis/analysis/annotations/histogram/R_5eLAerJAwZNLxTI_signature.png_analogy_composite.png
R_2ir44izIQBwxUhM,669b961e1c9cf30a26bb57d2,Histogram,/Users/h2o/Desktop/finalSketches/HistogramActual/R_2ir44izIQBwxUhM_signature.png,/Users/h2o/Desktop/finalSketches/HistogramAnalogy/R_2ir44izIQBwxUhM_signature.png,/Users/h2o/Documents/Projects/AnalogyVis/analysis/annotations/histogram/R_2ir44izIQBwxUhM_signature.png_actual_composite.png,/Users/h2o/Documents/Projects/AnalogyVis/analysis/annotations/histogram/R_2ir44izIQBwxUhM_signature.png_analogy_composite.png
R_2suWAo10P0H613B,65be6cbd9087215db418421e,BubbleChart,/Users/h2o/Desktop/finalSketches/BubbleActual/R_2suWAo10P0H613B_signature.png,/Users/h2o/Desktop/finalSketches/BubbleAnalogy/R_2suWAo10P0H613B_signature.png,/Users/h2o/Documents/Projects/AnalogyVis/analysis/annotations/bubble/R_2suWAo10P0H613B_signature.png_actual_composite.png,/Users/h2o/Documents/Projects/AnalogyVis/analysis/annotations/bubble/R_2suWAo10P0H613B_signature.png_analogy_composite.png
R_3qycHgGxAPznrXU,676a128481979a035c68a765,BarChart,/Users/h2o/Desktop/finalSketches/BarActual/R_3qycHgGxAPznrXU_signature.png,/Users/h2o/Desktop/finalSketches/BarAnalogy/R_3qycHgGxAPznrXU_signature.png,/Users/h2o/Documents/Projects/AnalogyVis/analysis/annotations/bar/R_3qycHgGxAPznrXU_signature.png_actual_composite.png,/Users/h2o/Documents/Projects/AnalogyVis/analysis/annotations/bar/R_3qycHgGxAPznrXU_signature.png_analogy_composite.png
R_1j7mZAyVE6uolgn,565c6d8cc121fe000ffc3ef5,ButterflyChart,/Users/h2o/Desktop/finalSketches/ButterflyActual/R_1j7mZAyVE6uolgn_signature.png,/Users/h2o/Desktop/finalSketches/ButterflyAnalogy/R_1j7mZAyVE6uolgn_signature.png,/Users/h2o/Documents/Projects/AnalogyVis/analysis/annotations/butterfly/R_1j7mZAyVE6uolgn_signature.png_actual_composite.png,/Users/h2o/Documents/Projects/AnalogyVis/analysis/annotations/butterfly/R_1j7mZAyVE6uolgn_signature.png_analogy_composite.png
R_11ctok9VXZF1vV3,676b2f0c4db67fedf62f9bb2,ButterflyChart,/Users/h2o/Desktop/finalSketches/ButterflyActual/R_11ctok9VXZF1vV3_signature.png,/Users/h2o/Desktop/finalSketches/ButterflyAnalogy/R_11ctok9VXZF1vV3_signature.png,/Users/h2o/Documents/Projects/AnalogyVis/analysis/annotations/butterfly/R_11ctok9VXZF1vV3_signature.png_actual_composite.png,/Users/h2o/Documents/Projects/AnalogyVis/analysis/annotations/butterfly/R_11ctok9VXZF1vV3_signature.png_analogy_composite.png
R_8qa5OtPSoj6BOF3,67313cf8571574bb71ac740b,Waterfall,/Users/h2o/Desktop/finalSketches/WaterfallActual/R_8qa5OtPSoj6BOF3_signature.png,/Users/h2o/Desktop/finalSketches/WaterfallAnalogy/R_8qa5OtPSoj6BOF3_signature.png,/Users/h2o/Documents/Projects/AnalogyVis/analysis/annotations/waterfall/R_8qa5OtPSoj6BOF3_signature.png_actual_composite.png,/Users/h2o/Documents/Projects/AnalogyVis/analysis/annotations/waterfall/R_8qa5OtPSoj6BOF3_signature.png_analogy_composite.png
R_2AKFeRFhnp25zJ7,656c8bf46599eb729c0ade1c,Histogram,/Users/h2o/Desktop/finalSketches/HistogramActual/R_2AKFeRFhnp25zJ7_signature.png,/Users/h2o/Desktop/finalSketches/HistogramAnalogy/R_2AKFeRFhnp25zJ7_signature.png,/Users/h2o/Documents/Projects/AnalogyVis/analysis/annotations/histogram/R_2AKFeRFhnp25zJ7_signature.png_actual_composite.png,/Users/h2o/Documents/Projects/AnalogyVis/analysis/annotations/histogram/R_2AKFeRFhnp25zJ7_signature.png_analogy_composite.png
R_3qVO4QjMbJwSBvp,676d786d0d08f145707a45be,ButterflyChart,/Users/h2o/Desktop/finalSketches/ButterflyActual/R_3qVO4QjMbJwSBvp_signature.png,/Users/h2o/Desktop/finalSketches/ButterflyAnalogy/R_3qVO4QjMbJwSBvp_signature.png,/Users/h2o/Documents/Projects/AnalogyVis/analysis/annotations/butterfly/R_3qVO4QjMbJwSBvp_signature.png_actual_composite.png,/Users/h2o/Documents/Projects/AnalogyVis/analysis/annotations/butterfly/R_3qVO4QjMbJwSBvp_signature.png_analogy_composite.png
R_8FUsVWC4u9cJEtP,67111bf261090940b6316e55,BarChart,/Users/h2o/Desktop/finalSketches/BarActual/R_8FUsVWC4u9cJEtP_signature.png,/Users/h2o/Desktop/finalSketches/BarAnalogy/R_8FUsVWC4u9cJEtP_signature.png,/Users/h2o/Documents/Projects/AnalogyVis/analysis/annotations/bar/R_8FUsVWC4u9cJEtP_signature.png_actual_composite.png,/Users/h2o/Documents/Projects/AnalogyVis/analysis/annotations/bar/R_8FUsVWC4u9cJEtP_signature.png_analogy_composite.png
R_70wKLv7EdM0EHER,6765b0e9aa144b03eed0cecd,Histogram,/Users/h2o/Desktop/finalSketches/HistogramActual/R_70wKLv7EdM0EHER_signature.png,/Users/h2o/Desktop/finalSketches/HistogramAnalogy/R_70wKLv7EdM0EHER_signature.png,/Users/h2o/Documents/Projects/AnalogyVis/analysis/annotations/histogram/R_70wKLv7EdM0EHER_signature.png_actual_composite.png,/Users/h2o/Documents/Projects/AnalogyVis/analysis/annotations/histogram/R_70wKLv7EdM0EHER_signature.png_analogy_composite.png
R_2IbEQZmTk9BRPEa,6650b91f20c1c723daa6837c,BarChart,/Users/h2o/Desktop/finalSketches/BarActual/R_2IbEQZmTk9BRPEa_signature.png,/Users/h2o/Desktop/finalSketches/BarAnalogy/R_2IbEQZmTk9BRPEa_signature.png,/Users/h2o/Documents/Projects/AnalogyVis/analysis/annotations/bar/R_2IbEQZmTk9BRPEa_signature.png_actual_composite.png,/Users/h2o/Documents/Projects/AnalogyVis/analysis/annotations/bar/R_2IbEQZmTk9BRPEa_signature.png_analogy_composite.png
R_6ZENYduOOc8qtAS,6762ba057e4fa9d618915d69,Heatmap,/Users/h2o/Desktop/finalSketches/HeatmapActual/R_6ZENYduOOc8qtAS_signature.png,/Users/h2o/Desktop/finalSketches/HeatmapAnalogy/R_6ZENYduOOc8qtAS_signature.png,/Users/h2o/Documents/Projects/AnalogyVis/analysis/annotations/heatmap/R_6ZENYduOOc8qtAS_signature.png_actual_composite.png,/Users/h2o/Documents/Projects/AnalogyVis/analysis/annotations/heatmap/R_6ZENYduOOc8qtAS_signature.png_analogy_composite.png
R_3oHNvQznS5igRlo,6750f7eb7c60e2b2c22aeaea,BarChart,/Users/h2o/Desktop/finalSketches/BarActual/R_3oHNvQznS5igRlo_signature.png,/Users/h2o/Desktop/finalSketches/BarAnalogy/R_3oHNvQznS5igRlo_signature.png,/Users/h2o/Documents/Projects/AnalogyVis/analysis/annotations/bar/R_3oHNvQznS5igRlo_signature.png_actual_composite.png,/Users/h2o/Documents/Projects/AnalogyVis/analysis/annotations/bar/R_3oHNvQznS5igRlo_signature.png_analogy_composite.png
R_4lLeNRqNnc1rFwO,66cb3c9ef4d2f2b98c80d926,Sunburst,/Users/h2o/Desktop/finalSketches/Sunburst Draw/R_4lLeNRqNnc1rFwO_signature.png,/Users/h2o/Desktop/finalSketches/SunburstAnalogy/R_4lLeNRqNnc1rFwO_signature.png,/Users/h2o/Documents/Projects/AnalogyVis/analysis/annotations/sunburst/R_4lLeNRqNnc1rFwO_signature.png_actual_composite.png,/Users/h2o/Documents/Projects/AnalogyVis/analysis/annotations/sunburst/R_4lLeNRqNnc1rFwO_signature.png_analogy_composite.png
R_3ikEzdbl0yjvg6g,6694154a46060b3c49b2d6fd,Waterfall,/Users/h2o/Desktop/finalSketches/WaterfallActual/R_3ikEzdbl0yjvg6g_signature.png,/Users/h2o/Desktop/finalSketches/WaterfallAnalogy/R_3ikEzdbl0yjvg6g_signature.png,/Users/h2o/Documents/Projects/AnalogyVis/analysis/annotations/waterfall/R_3ikEzdbl0yjvg6g_signature.png_actual_composite.png,/Users/h2o/Documents/Projects/AnalogyVis/analysis/annotations/waterfall/R_3ikEzdbl0yjvg6g_signature.png_analogy_composite.png
R_1DIvMXRYLyOhuv0,66107a3619b2031a5256b327,Waterfall,/Users/h2o/Desktop/finalSketches/WaterfallActual/R_1DIvMXRYLyOhuv0_signature.png,/Users/h2o/Desktop/finalSketches/WaterfallAnalogy/R_1DIvMXRYLyOhuv0_signature.png,/Users/h2o/Documents/Projects/AnalogyVis/analysis/annotations/waterfall/R_1DIvMXRYLyOhuv0_signature.png_actual_composite.png,/Users/h2o/Documents/Projects/AnalogyVis/analysis/annotations/waterfall/R_1DIvMXRYLyOhuv0_signature.png_analogy_composite.png
R_2J91hdkKtVCrRcJ,65537f74cbcb128a40c05aac,Sunburst,/Users/h2o/Desktop/finalSketches/Sunburst Draw/R_2J91hdkKtVCrRcJ_signature.png,/Users/h2o/Desktop/finalSketches/SunburstAnalogy/R_2J91hdkKtVCrRcJ_signature.png,/Users/h2o/Documents/Projects/AnalogyVis/analysis/annotations/sunburst/R_2J91hdkKtVCrRcJ_signature.png_actual_composite.png,/Users/h2o/Documents/Projects/AnalogyVis/analysis/annotations/sunburst/R_2J91hdkKtVCrRcJ_signature.png_analogy_composite.png
R_8I5XrJYxIJ5fZgz,60e7218db2691424068d718c,Sunburst,/Users/h2o/Desktop/finalSketches/Sunburst Draw/R_8I5XrJYxIJ5fZgz_signature.png,/Users/h2o/Desktop/finalSketches/SunburstAnalogy/R_8I5XrJYxIJ5fZgz_signature.png,/Users/h2o/Documents/Projects/AnalogyVis/analysis/annotations/sunburst/R_8I5XrJYxIJ5fZgz_signature.png_actual_composite.png,/Users/h2o/Documents/Projects/AnalogyVis/analysis/annotations/sunburst/R_8I5XrJYxIJ5fZgz_signature.png_analogy_composite.png
R_2IWZqAarHMgY6u4,67175df57bf3abe9ae6457aa,ButterflyChart,/Users/h2o/Desktop/finalSketches/ButterflyActual/R_2IWZqAarHMgY6u4_signature.png,/Users/h2o/Desktop/finalSketches/ButterflyAnalogy/R_2IWZqAarHMgY6u4_signature.png,/Users/h2o/Documents/Projects/AnalogyVis/analysis/annotations/butterfly/R_2IWZqAarHMgY6u4_signature.png_actual_composite.png,/Users/h2o/Documents/Projects/AnalogyVis/analysis/annotations/butterfly/R_2IWZqAarHMgY6u4_signature.png_analogy_composite.png
R_2TMiAMOA46vyctf,66895200a1dc0707575d88f1,BubbleChart,/Users/h2o/Desktop/finalSketches/BubbleActual/R_2TMiAMOA46vyctf_signature.png,/Users/h2o/Desktop/finalSketches/BubbleAnalogy/R_2TMiAMOA46vyctf_signature.png,/Users/h2o/Documents/Projects/AnalogyVis/analysis/annotations/bubble/R_2TMiAMOA46vyctf_signature.png_actual_composite.png,/Users/h2o/Documents/Projects/AnalogyVis/analysis/annotations/bubble/R_2TMiAMOA46vyctf_signature.png_analogy_composite.png
R_8MuSPGN1vLWWess,60dd21fe197081ce030b7470,Histogram,/Users/h2o/Desktop/finalSketches/HistogramActual/R_8MuSPGN1vLWWess_signature.png,/Users/h2o/Desktop/finalSketches/HistogramAnalogy/R_8MuSPGN1vLWWess_signature.png,/Users/h2o/Documents/Projects/AnalogyVis/analysis/annotations/histogram/R_8MuSPGN1vLWWess_signature.png_actual_composite.png,/Users/h2o/Documents/Projects/AnalogyVis/analysis/annotations/histogram/R_8MuSPGN1vLWWess_signature.png_analogy_composite.png
R_8lsuqUEdRom0flZ,60e6fa95f0d5e55625421e9a,Histogram,/Users/h2o/Desktop/finalSketches/HistogramActual/R_8lsuqUEdRom0flZ_signature.png,/Users/h2o/Desktop/finalSketches/HistogramAnalogy/R_8lsuqUEdRom0flZ_signature.png,/Users/h2o/Documents/Projects/AnalogyVis/analysis/annotations/histogram/R_8lsuqUEdRom0flZ_signature.png_actual_composite.png,/Users/h2o/Documents/Projects/AnalogyVis/analysis/annotations/histogram/R_8lsuqUEdRom0flZ_signature.png_analogy_composite.png
R_2621VjFYtFO74D7,60ddfb3db6a71ad9ba75e387,StackedArea,/Users/h2o/Desktop/finalSketches/StackedAreaBaseline/R_2621VjFYtFO74D7_signature.png,/Users/h2o/Desktop/finalSketches/StackedAreaAnalogy/R_2621VjFYtFO74D7_signature.png,/Users/h2o/Documents/Projects/AnalogyVis/analysis/annotations/stackedArea/R_2621VjFYtFO74D7_signature.png_actual_composite.png,/Users/h2o/Documents/Projects/AnalogyVis/analysis/annotations/stackedArea/R_2621VjFYtFO74D7_signature.png_analogy_composite.png
R_206qNycI2jJdwDR,6720bdc002ebf636b14121f8,BarChart,/Users/h2o/Desktop/finalSketches/BarActual/R_206qNycI2jJdwDR_signature.png,/Users/h2o/Desktop/finalSketches/BarAnalogy/R_206qNycI2jJdwDR_signature.png,/Users/h2o/Documents/Projects/AnalogyVis/analysis/annotations/bar/R_206qNycI2jJdwDR_signature.png_actual_composite.png,/Users/h2o/Documents/Projects/AnalogyVis/analysis/annotations/bar/R_206qNycI2jJdwDR_signature.png_analogy_composite.png
R_2tarDzLbNPb3bqm,614280ed34d0c9737fb0f796,StackedArea,/Users/h2o/Desktop/finalSketches/StackedAreaBaseline/R_2tarDzLbNPb3bqm_signature.png,/Users/h2o/Desktop/finalSketches/StackedAreaAnalogy/R_2tarDzLbNPb3bqm_signature.png,/Users/h2o/Documents/Projects/AnalogyVis/analysis/annotations/stackedArea/R_2tarDzLbNPb3bqm_signature.png_actual_composite.png,/Users/h2o/Documents/Projects/AnalogyVis/analysis/annotations/stackedArea/R_2tarDzLbNPb3bqm_signature.png_analogy_composite.png
R_8M5Mr6drjQ356cp,67700724f07c694ad429287a,Heatmap,/Users/h2o/Desktop/finalSketches/HeatmapActual/R_8M5Mr6drjQ356cp_signature.png,/Users/h2o/Desktop/finalSketches/HeatmapAnalogy/R_8M5Mr6drjQ356cp_signature.png,/Users/h2o/Documents/Projects/AnalogyVis/analysis/annotations/heatmap/R_8M5Mr6drjQ356cp_signature.png_actual_composite.png,/Users/h2o/Documents/Projects/AnalogyVis/analysis/annotations/heatmap/R_8M5Mr6drjQ356cp_signature.png_analogy_composite.png
R_8P0Us6j4zsjhVTd,60bf28df4926a8b6391df575,Heatmap,/Users/h2o/Desktop/finalSketches/HeatmapActual/R_8P0Us6j4zsjhVTd_signature.png,/Users/h2o/Desktop/finalSketches/HeatmapAnalogy/R_8P0Us6j4zsjhVTd_signature.png,/Users/h2o/Documents/Projects/AnalogyVis/analysis/annotations/heatmap/R_8P0Us6j4zsjhVTd_signature.png_actual_composite.png,/Users/h2o/Documents/Projects/AnalogyVis/analysis/annotations/heatmap/R_8P0Us6j4zsjhVTd_signature.png_analogy_composite.png
R_5FlwVIstYtQusGB,5db0e17518230d00170d4332,ButterflyChart,/Users/h2o/Desktop/finalSketches/ButterflyActual/R_5FlwVIstYtQusGB_signature.png,/Users/h2o/Desktop/finalSketches/ButterflyAnalogy/R_5FlwVIstYtQusGB_signature.png,/Users/h2o/Documents/Projects/AnalogyVis/analysis/annotations/butterfly/R_5FlwVIstYtQusGB_signature.png_actual_composite.png,/Users/h2o/Documents/Projects/AnalogyVis/analysis/annotations/butterfly/R_5FlwVIstYtQusGB_signature.png_analogy_composite.png
R_2lzsSB7JeIs51yV,62d975b271ef86567275de5d,Heatmap,/Users/h2o/Desktop/finalSketches/HeatmapActual/R_2lzsSB7JeIs51yV_signature.png,/Users/h2o/Desktop/finalSketches/HeatmapAnalogy/R_2lzsSB7JeIs51yV_signature.png,/Users/h2o/Documents/Projects/AnalogyVis/analysis/annotations/heatmap/R_2lzsSB7JeIs51yV_signature.png_actual_composite.png,/Users/h2o/Documents/Projects/AnalogyVis/analysis/annotations/heatmap/R_2lzsSB7JeIs51yV_signature.png_analogy_composite.png
R_5gO1UqtkrYjoJG1,6711c0f9ec8d941dbd4c13c3,Sunburst,/Users/h2o/Desktop/finalSketches/Sunburst Draw/R_5gO1UqtkrYjoJG1_signature.png,/Users/h2o/Desktop/finalSketches/SunburstAnalogy/R_5gO1UqtkrYjoJG1_signature.png,/Users/h2o/Documents/Projects/AnalogyVis/analysis/annotations/sunburst/R_5gO1UqtkrYjoJG1_signature.png_actual_composite.png,/Users/h2o/Documents/Projects/AnalogyVis/analysis/annotations/sunburst/R_5gO1UqtkrYjoJG1_signature.png_analogy_composite.png
R_2ogSACGkgOeUlyx,60aad516e34718d318bfb44d,BubbleChart,/Users/h2o/Desktop/finalSketches/BubbleActual/R_2ogSACGkgOeUlyx_signature.png,/Users/h2o/Desktop/finalSketches/BubbleAnalogy/R_2ogSACGkgOeUlyx_signature.png,/Users/h2o/Documents/Projects/AnalogyVis/analysis/annotations/bubble/R_2ogSACGkgOeUlyx_signature.png_actual_composite.png,/Users/h2o/Documents/Projects/AnalogyVis/analysis/annotations/bubble/R_2ogSACGkgOeUlyx_signature.png_analogy_composite.png
R_3QR1YZQLvkFSD1n,67168dec9c8bbf36f6db6cdd,Waterfall,/Users/h2o/Desktop/finalSketches/WaterfallActual/R_3QR1YZQLvkFSD1n_signature.png,/Users/h2o/Desktop/finalSketches/WaterfallAnalogy/R_3QR1YZQLvkFSD1n_signature.png,/Users/h2o/Documents/Projects/AnalogyVis/analysis/annotations/waterfall/R_3QR1YZQLvkFSD1n_signature.png_actual_composite.png,/Users/h2o/Documents/Projects/AnalogyVis/analysis/annotations/waterfall/R_3QR1YZQLvkFSD1n_signature.png_analogy_composite.png
R_2EFJWAmpHoDDWkR,666c4699beb014a7b85ccea1,StackedArea,/Users/h2o/Desktop/finalSketches/StackedAreaBaseline/R_2EFJWAmpHoDDWkR_signature.png,/Users/h2o/Desktop/finalSketches/StackedAreaAnalogy/R_2EFJWAmpHoDDWkR_signature.png,/Users/h2o/Documents/Projects/AnalogyVis/analysis/annotations/stackedArea/R_2EFJWAmpHoDDWkR_signature.png_actual_composite.png,/Users/h2o/Documents/Projects/AnalogyVis/analysis/annotations/stackedArea/R_2EFJWAmpHoDDWkR_signature.png_analogy_composite.png
R_5I6HyZ54Dk9kHuZ,6717ad4cd05ccb5a351c73a0,StackedArea,/Users/h2o/Desktop/finalSketches/StackedAreaBaseline/R_5I6HyZ54Dk9kHuZ_signature.png,/Users/h2o/Desktop/finalSketches/StackedAreaAnalogy/R_5I6HyZ54Dk9kHuZ_signature.png,/Users/h2o/Documents/Projects/AnalogyVis/analysis/annotations/stackedArea/R_5I6HyZ54Dk9kHuZ_signature.png_actual_composite.png,/Users/h2o/Documents/Projects/AnalogyVis/analysis/annotations/stackedArea/R_5I6HyZ54Dk9kHuZ_signature.png_analogy_composite.png
R_8fddzXFx5le0ShB,667ac09492ea0caadf488520,Histogram,/Users/h2o/Desktop/finalSketches/HistogramActual/R_8fddzXFx5le0ShB_signature.png,/Users/h2o/Desktop/finalSketches/HistogramAnalogy/R_8fddzXFx5le0ShB_signature.png,/Users/h2o/Documents/Projects/AnalogyVis/analysis/annotations/histogram/R_8fddzXFx5le0ShB_signature.png_actual_composite.png,/Users/h2o/Documents/Projects/AnalogyVis/analysis/annotations/histogram/R_8fddzXFx5le0ShB_signature.png_analogy_composite.png
R_2RPUiGKMdVkG8fv,6757f3ab9df1c2fad42fa40b,StackedArea,/Users/h2o/Desktop/finalSketches/StackedAreaBaseline/R_2RPUiGKMdVkG8fv_signature.png,/Users/h2o/Desktop/finalSketches/StackedAreaAnalogy/R_2RPUiGKMdVkG8fv_signature.png,/Users/h2o/Documents/Projects/AnalogyVis/analysis/annotations/stackedArea/R_2RPUiGKMdVkG8fv_signature.png_actual_composite.png,/Users/h2o/Documents/Projects/AnalogyVis/analysis/annotations/stackedArea/R_2RPUiGKMdVkG8fv_signature.png_analogy_composite.png
R_2DJ8cYPPRIIdifS,672a528ae534c28289a223d6,Sunburst,/Users/h2o/Desktop/finalSketches/Sunburst Draw/R_2DJ8cYPPRIIdifS_signature.png,/Users/h2o/Desktop/finalSketches/SunburstAnalogy/R_2DJ8cYPPRIIdifS_signature.png,/Users/h2o/Documents/Projects/AnalogyVis/analysis/annotations/sunburst/R_2DJ8cYPPRIIdifS_signature.png_actual_composite.png,/Users/h2o/Documents/Projects/AnalogyVis/analysis/annotations/sunburst/R_2DJ8cYPPRIIdifS_signature.png_analogy_composite.png
R_2TpcU74aCOHhhfD,647df23a62de26114fdcb29c,Histogram,/Users/h2o/Desktop/finalSketches/HistogramActual/R_2TpcU74aCOHhhfD_signature.png,/Users/h2o/Desktop/finalSketches/HistogramAnalogy/R_2TpcU74aCOHhhfD_signature.png,/Users/h2o/Documents/Projects/AnalogyVis/analysis/annotations/histogram/R_2TpcU74aCOHhhfD_signature.png_actual_composite.png,/Users/h2o/Documents/Projects/AnalogyVis/analysis/annotations/histogram/R_2TpcU74aCOHhhfD_signature.png_analogy_composite.png
R_2DZfUgp0ApgOYGy,660f0bec13b0a3246eeef533,Heatmap,/Users/h2o/Desktop/finalSketches/HeatmapActual/R_2DZfUgp0ApgOYGy_signature.png,/Users/h2o/Desktop/finalSketches/HeatmapAnalogy/R_2DZfUgp0ApgOYGy_signature.png,/Users/h2o/Documents/Projects/AnalogyVis/analysis/annotations/heatmap/R_2DZfUgp0ApgOYGy_signature.png_actual_composite.png,/Users/h2o/Documents/Projects/AnalogyVis/analysis/annotations/heatmap/R_2DZfUgp0ApgOYGy_signature.png_analogy_composite.png
R_3WulcyI3aoCaMQ5,67364a593466be469e0bae8c,BarChart,/Users/h2o/Desktop/finalSketches/BarActual/R_3WulcyI3aoCaMQ5_signature.png,/Users/h2o/Desktop/finalSketches/BarAnalogy/R_3WulcyI3aoCaMQ5_signature.png,/Users/h2o/Documents/Projects/AnalogyVis/analysis/annotations/bar/R_3WulcyI3aoCaMQ5_signature.png_actual_composite.png,/Users/h2o/Documents/Projects/AnalogyVis/analysis/annotations/bar/R_3WulcyI3aoCaMQ5_signature.png_analogy_composite.png
R_2pxmwSLpCbZmtbA,5de42a01a7cb2401ccc682c3,BubbleChart,/Users/h2o/Desktop/finalSketches/BubbleActual/R_2pxmwSLpCbZmtbA_signature.png,/Users/h2o/Desktop/finalSketches/BubbleAnalogy/R_2pxmwSLpCbZmtbA_signature.png,/Users/h2o/Documents/Projects/AnalogyVis/analysis/annotations/bubble/R_2pxmwSLpCbZmtbA_signature.png_actual_composite.png,/Users/h2o/Documents/Projects/AnalogyVis/analysis/annotations/bubble/R_2pxmwSLpCbZmtbA_signature.png_analogy_composite.png
R_8NaH0cOHOJRLMmF,64fb442984935ba5cdab8bd7,Waterfall,/Users/h2o/Desktop/finalSketches/WaterfallActual/R_8NaH0cOHOJRLMmF_signature.png,/Users/h2o/Desktop/finalSketches/WaterfallAnalogy/R_8NaH0cOHOJRLMmF_signature.png,/Users/h2o/Documents/Projects/AnalogyVis/analysis/annotations/waterfall/R_8NaH0cOHOJRLMmF_signature.png_actual_composite.png,/Users/h2o/Documents/Projects/AnalogyVis/analysis/annotations/waterfall/R_8NaH0cOHOJRLMmF_signature.png_analogy_composite.png
R_8UWvEtjAsargNmz,6693df690cbd52bc4cbf870d,BubbleChart,/Users/h2o/Desktop/finalSketches/BubbleActual/R_8UWvEtjAsargNmz_signature.png,/Users/h2o/Desktop/finalSketches/BubbleAnalogy/R_8UWvEtjAsargNmz_signature.png,/Users/h2o/Documents/Projects/AnalogyVis/analysis/annotations/bubble/R_8UWvEtjAsargNmz_signature.png_actual_composite.png,/Users/h2o/Documents/Projects/AnalogyVis/analysis/annotations/bubble/R_8UWvEtjAsargNmz_signature.png_analogy_composite.png
R_2j0UV89V4rsj7DQ,614e0e031468b5dd8104abf5,StackedArea,/Users/h2o/Desktop/finalSketches/StackedAreaBaseline/R_2j0UV89V4rsj7DQ_signature.png,/Users/h2o/Desktop/finalSketches/StackedAreaAnalogy/R_2j0UV89V4rsj7DQ_signature.png,/Users/h2o/Documents/Projects/AnalogyVis/analysis/annotations/stackedArea/R_2j0UV89V4rsj7DQ_signature.png_actual_composite.png,/Users/h2o/Documents/Projects/AnalogyVis/analysis/annotations/stackedArea/R_2j0UV89V4rsj7DQ_signature.png_analogy_composite.png
R_8B9GUxxJniU36jO,5d430fdf871f1700017b2a81,StackedArea,/Users/h2o/Desktop/finalSketches/StackedAreaBaseline/R_8B9GUxxJniU36jO_signature.png,/Users/h2o/Desktop/finalSketches/StackedAreaAnalogy/R_8B9GUxxJniU36jO_signature.png,/Users/h2o/Documents/Projects/AnalogyVis/analysis/annotations/stackedArea/R_8B9GUxxJniU36jO_signature.png_actual_composite.png,/Users/h2o/Documents/Projects/AnalogyVis/analysis/annotations/stackedArea/R_8B9GUxxJniU36jO_signature.png_analogy_composite.png
R_3M9Le8HeMB1wuM9,676fad27c79cec8770eb4f34,BarChart,/Users/h2o/Desktop/finalSketches/BarActual/R_3M9Le8HeMB1wuM9_signature.png,/Users/h2o/Desktop/finalSketches/BarAnalogy/R_3M9Le8HeMB1wuM9_signature.png,/Users/h2o/Documents/Projects/AnalogyVis/analysis/annotations/bar/R_3M9Le8HeMB1wuM9_signature.png_actual_composite.png,/Users/h2o/Documents/Projects/AnalogyVis/analysis/annotations/bar/R_3M9Le8HeMB1wuM9_signature.png_analogy_composite.png
R_8kz7CEp7DEC6kOK,6159ccda0f6f7807b9207e4b,Heatmap,/Users/h2o/Desktop/finalSketches/HeatmapActual/R_8kz7CEp7DEC6kOK_signature.png,/Users/h2o/Desktop/finalSketches/HeatmapAnalogy/R_8kz7CEp7DEC6kOK_signature.png,/Users/h2o/Documents/Projects/AnalogyVis/analysis/annotations/heatmap/R_8kz7CEp7DEC6kOK_signature.png_actual_composite.png,/Users/h2o/Documents/Projects/AnalogyVis/analysis/annotations/heatmap/R_8kz7CEp7DEC6kOK_signature.png_analogy_composite.png
R_2puVVqEk1h6WkeJ,66b50f41fbdc96e471bedab1,Histogram,/Users/h2o/Desktop/finalSketches/HistogramActual/R_2puVVqEk1h6WkeJ_signature.png,/Users/h2o/Desktop/finalSketches/HistogramAnalogy/R_2puVVqEk1h6WkeJ_signature.png,/Users/h2o/Documents/Projects/AnalogyVis/analysis/annotations/histogram/R_2puVVqEk1h6WkeJ_signature.png_actual_composite.png,/Users/h2o/Documents/Projects/AnalogyVis/analysis/annotations/histogram/R_2puVVqEk1h6WkeJ_signature.png_analogy_composite.png
R_2FW0ITr42I4MrMS,67417cd21e7e37b5843c3ac2,Waterfall,/Users/h2o/Desktop/finalSketches/WaterfallActual/R_2FW0ITr42I4MrMS_signature.png,/Users/h2o/Desktop/finalSketches/WaterfallAnalogy/R_2FW0ITr42I4MrMS_signature.png,/Users/h2o/Documents/Projects/AnalogyVis/analysis/annotations/waterfall/R_2FW0ITr42I4MrMS_signature.png_actual_composite.png,/Users/h2o/Documents/Projects/AnalogyVis/analysis/annotations/waterfall/R_2FW0ITr42I4MrMS_signature.png_analogy_composite.png
R_89tSqaStaoeIsj4,6026891e02f12c316ba8bcbb,StackedArea,/Users/h2o/Desktop/finalSketches/StackedAreaBaseline/R_89tSqaStaoeIsj4_signature.png,/Users/h2o/Desktop/finalSketches/StackedAreaAnalogy/R_89tSqaStaoeIsj4_signature.png,/Users/h2o/Documents/Projects/AnalogyVis/analysis/annotations/stackedArea/R_89tSqaStaoeIsj4_signature.png_actual_composite.png,/Users/h2o/Documents/Projects/AnalogyVis/analysis/annotations/stackedArea/R_89tSqaStaoeIsj4_signature.png_analogy_composite.png
R_8L10FEEAKve6899,6650b4ea2a3f1ad209dc4673,Sunburst,/Users/h2o/Desktop/finalSketches/Sunburst Draw/R_8L10FEEAKve6899_signature.png,/Users/h2o/Desktop/finalSketches/SunburstAnalogy/R_8L10FEEAKve6899_signature.png,/Users/h2o/Documents/Projects/AnalogyVis/analysis/annotations/sunburst/R_8L10FEEAKve6899_signature.png_actual_composite.png,/Users/h2o/Documents/Projects/AnalogyVis/analysis/annotations/sunburst/R_8L10FEEAKve6899_signature.png_analogy_composite.png
R_8EjmxeXNZBt5zMT,664c8dd7baa052f7b1e88417,Histogram,/Users/h2o/Desktop/finalSketches/HistogramActual/R_8EjmxeXNZBt5zMT_signature.png,/Users/h2o/Desktop/finalSketches/HistogramAnalogy/R_8EjmxeXNZBt5zMT_signature.png,/Users/h2o/Documents/Projects/AnalogyVis/analysis/annotations/histogram/R_8EjmxeXNZBt5zMT_signature.png_actual_composite.png,/Users/h2o/Documents/Projects/AnalogyVis/analysis/annotations/histogram/R_8EjmxeXNZBt5zMT_signature.png_analogy_composite.png
R_2fC7D5IWHwmedQH,5f97f80e8279d602b5dfd6b1,BubbleChart,/Users/h2o/Desktop/finalSketches/BubbleActual/R_2fC7D5IWHwmedQH_signature.png,/Users/h2o/Desktop/finalSketches/BubbleAnalogy/R_2fC7D5IWHwmedQH_signature.png,/Users/h2o/Documents/Projects/AnalogyVis/analysis/annotations/bubble/R_2fC7D5IWHwmedQH_signature.png_actual_composite.png,/Users/h2o/Documents/Projects/AnalogyVis/analysis/annotations/bubble/R_2fC7D5IWHwmedQH_signature.png_analogy_composite.png
R_81HQPB36f1JcM3l,673db10b166dd643b96ebcee,ButterflyChart,/Users/h2o/Desktop/finalSketches/ButterflyActual/R_81HQPB36f1JcM3l_signature.png,/Users/h2o/Desktop/finalSketches/ButterflyAnalogy/R_81HQPB36f1JcM3l_signature.png,/Users/h2o/Documents/Projects/AnalogyVis/analysis/annotations/butterfly/R_81HQPB36f1JcM3l_signature.png_actual_composite.png,/Users/h2o/Documents/Projects/AnalogyVis/analysis/annotations/butterfly/R_81HQPB36f1JcM3l_signature.png_analogy_composite.png
R_87Nec34TVl0H1fz,672ca127c277e5747ef6900b,Waterfall,/Users/h2o/Desktop/finalSketches/WaterfallActual/R_87Nec34TVl0H1fz_signature.png,/Users/h2o/Desktop/finalSketches/WaterfallAnalogy/R_87Nec34TVl0H1fz_signature.png,/Users/h2o/Documents/Projects/AnalogyVis/analysis/annotations/waterfall/R_87Nec34TVl0H1fz_signature.png_actual_composite.png,/Users/h2o/Documents/Projects/AnalogyVis/analysis/annotations/waterfall/R_87Nec34TVl0H1fz_signature.png_analogy_composite.png
R_2VwOG3BwKVIeAI1,66a6211743bf2623c0a8eb81,Sunburst,/Users/h2o/Desktop/finalSketches/Sunburst Draw/R_2VwOG3BwKVIeAI1_signature.png,/Users/h2o/Desktop/finalSketches/SunburstAnalogy/R_2VwOG3BwKVIeAI1_signature.png,/Users/h2o/Documents/Projects/AnalogyVis/analysis/annotations/sunburst/R_2VwOG3BwKVIeAI1_signature.png_actual_composite.png,/Users/h2o/Documents/Projects/AnalogyVis/analysis/annotations/sunburst/R_2VwOG3BwKVIeAI1_signature.png_analogy_composite.png
R_7SJLHcbaiJbk3Ak,5ddf074601fadfe804d466a2,Sunburst,/Users/h2o/Desktop/finalSketches/Sunburst Draw/R_7SJLHcbaiJbk3Ak_signature.png,/Users/h2o/Desktop/finalSketches/SunburstAnalogy/R_7SJLHcbaiJbk3Ak_signature.png,/Users/h2o/Documents/Projects/AnalogyVis/analysis/annotations/sunburst/R_7SJLHcbaiJbk3Ak_signature.png_actual_composite.png,/Users/h2o/Documents/Projects/AnalogyVis/analysis/annotations/sunburst/R_7SJLHcbaiJbk3Ak_signature.png_analogy_composite.png
R_8cVTg1VW8Nuq5zj,6511f1f1490c9df9f8c7890e,Histogram,/Users/h2o/Desktop/finalSketches/HistogramActual/R_8cVTg1VW8Nuq5zj_signature.png,/Users/h2o/Desktop/finalSketches/HistogramAnalogy/R_8cVTg1VW8Nuq5zj_signature.png,/Users/h2o/Documents/Projects/AnalogyVis/analysis/annotations/histogram/R_8cVTg1VW8Nuq5zj_signature.png_actual_composite.png,/Users/h2o/Documents/Projects/AnalogyVis/analysis/annotations/histogram/R_8cVTg1VW8Nuq5zj_signature.png_analogy_composite.png
R_4nCXfyI48N8HeR5,65dced0d02a94d3dfdc2457d,ButterflyChart,/Users/h2o/Desktop/finalSketches/ButterflyActual/R_4nCXfyI48N8HeR5_signature.png,/Users/h2o/Desktop/finalSketches/ButterflyAnalogy/R_4nCXfyI48N8HeR5_signature.png,/Users/h2o/Documents/Projects/AnalogyVis/analysis/annotations/butterfly/R_4nCXfyI48N8HeR5_signature.png_actual_composite.png,/Users/h2o/Documents/Projects/AnalogyVis/analysis/annotations/butterfly/R_4nCXfyI48N8HeR5_signature.png_analogy_composite.png
R_5GBlw3M8d8fmLA6,60fe73a3e2f7d5e184ce6539,Waterfall,/Users/h2o/Desktop/finalSketches/WaterfallActual/R_5GBlw3M8d8fmLA6_signature.png,/Users/h2o/Desktop/finalSketches/WaterfallAnalogy/R_5GBlw3M8d8fmLA6_signature.png,/Users/h2o/Documents/Projects/AnalogyVis/analysis/annotations/waterfall/R_5GBlw3M8d8fmLA6_signature.png_actual_composite.png,/Users/h2o/Documents/Projects/AnalogyVis/analysis/annotations/waterfall/R_5GBlw3M8d8fmLA6_signature.png_analogy_composite.png
R_2k2UQcdacRfQDu1,5e50325cae58e40871e64747,ButterflyChart,/Users/h2o/Desktop/finalSketches/ButterflyActual/R_2k2UQcdacRfQDu1_signature.png,/Users/h2o/Desktop/finalSketches/ButterflyAnalogy/R_2k2UQcdacRfQDu1_signature.png,/Users/h2o/Documents/Projects/AnalogyVis/analysis/annotations/butterfly/R_2k2UQcdacRfQDu1_signature.png_actual_composite.png,/Users/h2o/Documents/Projects/AnalogyVis/analysis/annotations/butterfly/R_2k2UQcdacRfQDu1_signature.png_analogy_composite.png
R_1TTWn9A3wCIdO41,6103adf779d6468e50941433,BubbleChart,/Users/h2o/Desktop/finalSketches/BubbleActual/R_1TTWn9A3wCIdO41_signature.png,/Users/h2o/Desktop/finalSketches/BubbleAnalogy/R_1TTWn9A3wCIdO41_signature.png,/Users/h2o/Documents/Projects/AnalogyVis/analysis/annotations/bubble/R_1TTWn9A3wCIdO41_signature.png_actual_composite.png,/Users/h2o/Documents/Projects/AnalogyVis/analysis/annotations/bubble/R_1TTWn9A3wCIdO41_signature.png_analogy_composite.png
R_8P5k8zBxzHqyxaC,676a77f31664b1f6c3223a7f,BubbleChart,/Users/h2o/Desktop/finalSketches/BubbleActual/R_8P5k8zBxzHqyxaC_signature.png,/Users/h2o/Desktop/finalSketches/BubbleAnalogy/R_8P5k8zBxzHqyxaC_signature.png,/Users/h2o/Documents/Projects/AnalogyVis/analysis/annotations/bubble/R_8P5k8zBxzHqyxaC_signature.png_actual_composite.png,/Users/h2o/Documents/Projects/AnalogyVis/analysis/annotations/bubble/R_8P5k8zBxzHqyxaC_signature.png_analogy_composite.png
R_1u2CxQqOxOoQUAp,61073a8e6fae58a66dd57b39,BarChart,/Users/h2o/Desktop/finalSketches/BarActual/R_1u2CxQqOxOoQUAp_signature.png,/Users/h2o/Desktop/finalSketches/BarAnalogy/R_1u2CxQqOxOoQUAp_signature.png,/Users/h2o/Documents/Projects/AnalogyVis/analysis/annotations/bar/R_1u2CxQqOxOoQUAp_signature.png_actual_composite.png,/Users/h2o/Documents/Projects/AnalogyVis/analysis/annotations/bar/R_1u2CxQqOxOoQUAp_signature.png_analogy_composite.png
R_6O63oN4BTs7dEbx,67181762b1a53b1a378ffe14,Heatmap,/Users/h2o/Desktop/finalSketches/HeatmapActual/R_6O63oN4BTs7dEbx_signature.png,/Users/h2o/Desktop/finalSketches/HeatmapAnalogy/R_6O63oN4BTs7dEbx_signature.png,/Users/h2o/Documents/Projects/AnalogyVis/analysis/annotations/heatmap/R_6O63oN4BTs7dEbx_signature.png_actual_composite.png,/Users/h2o/Documents/Projects/AnalogyVis/analysis/annotations/heatmap/R_6O63oN4BTs7dEbx_signature.png_analogy_composite.png
R_3w6DwR5urIOmfDP,677021cadc17021dfb5fc301,BubbleChart,/Users/h2o/Desktop/finalSketches/BubbleActual/R_3w6DwR5urIOmfDP_signature.png,/Users/h2o/Desktop/finalSketches/BubbleAnalogy/R_3w6DwR5urIOmfDP_signature.png,/Users/h2o/Documents/Projects/AnalogyVis/analysis/annotations/bubble/R_3w6DwR5urIOmfDP_signature.png_actual_composite.png,/Users/h2o/Documents/Projects/AnalogyVis/analysis/annotations/bubble/R_3w6DwR5urIOmfDP_signature.png_analogy_composite.png
R_4xQxwzOYsPXEwgL,663595186fd0c6f76c84f144,Sunburst,/Users/h2o/Desktop/finalSketches/Sunburst Draw/R_4xQxwzOYsPXEwgL_signature.png,/Users/h2o/Desktop/finalSketches/SunburstAnalogy/R_4xQxwzOYsPXEwgL_signature.png,/Users/h2o/Documents/Projects/AnalogyVis/analysis/annotations/sunburst/R_4xQxwzOYsPXEwgL_signature.png_actual_composite.png,/Users/h2o/Documents/Projects/AnalogyVis/analysis/annotations/sunburst/R_4xQxwzOYsPXEwgL_signature.png_analogy_composite.png
R_8Eby12nDx26pBEh,6565e080bdcef69dfd887f74,ButterflyChart,/Users/h2o/Desktop/finalSketches/ButterflyActual/R_8Eby12nDx26pBEh_signature.png,/Users/h2o/Desktop/finalSketches/ButterflyAnalogy/R_8Eby12nDx26pBEh_signature.png,/Users/h2o/Documents/Projects/AnalogyVis/analysis/annotations/butterfly/R_8Eby12nDx26pBEh_signature.png_actual_composite.png,/Users/h2o/Documents/Projects/AnalogyVis/analysis/annotations/butterfly/R_8Eby12nDx26pBEh_signature.png_analogy_composite.png
R_5kw6fOWaS4V0iAE,663aff1ef2aa86d1a83716ca,BarChart,/Users/h2o/Desktop/finalSketches/BarActual/R_5kw6fOWaS4V0iAE_signature.png,/Users/h2o/Desktop/finalSketches/BarAnalogy/R_5kw6fOWaS4V0iAE_signature.png,/Users/h2o/Documents/Projects/AnalogyVis/analysis/annotations/bar/R_5kw6fOWaS4V0iAE_signature.png_actual_composite.png,/Users/h2o/Documents/Projects/AnalogyVis/analysis/annotations/bar/R_5kw6fOWaS4V0iAE_signature.png_analogy_composite.png
R_4kMlPy3hQJsi26I,65f04571d48174aefd2817d0,StackedArea,/Users/h2o/Desktop/finalSketches/StackedAreaBaseline/R_4kMlPy3hQJsi26I_signature.png,/Users/h2o/Desktop/finalSketches/StackedAreaAnalogy/R_4kMlPy3hQJsi26I_signature.png,/Users/h2o/Documents/Projects/AnalogyVis/analysis/annotations/stackedArea/R_4kMlPy3hQJsi26I_signature.png_actual_composite.png,/Users/h2o/Documents/Projects/AnalogyVis/analysis/annotations/stackedArea/R_4kMlPy3hQJsi26I_signature.png_analogy_composite.png
R_87yDxx6VB0rQs9w,66daed4c64c8a7ff4de12537,BarChart,/Users/h2o/Desktop/finalSketches/BarActual/R_87yDxx6VB0rQs9w_signature.png,/Users/h2o/Desktop/finalSketches/BarAnalogy/R_87yDxx6VB0rQs9w_signature.png,/Users/h2o/Documents/Projects/AnalogyVis/analysis/annotations/bar/R_87yDxx6VB0rQs9w_signature.png_actual_composite.png,/Users/h2o/Documents/Projects/AnalogyVis/analysis/annotations/bar/R_87yDxx6VB0rQs9w_signature.png_analogy_composite.png
R_8th69opGJIPs6xu,664a70b48ff64eb6fa5d8b05,Histogram,/Users/h2o/Desktop/finalSketches/HistogramActual/R_8th69opGJIPs6xu_signature.png,/Users/h2o/Desktop/finalSketches/HistogramAnalogy/R_8th69opGJIPs6xu_signature.png,/Users/h2o/Documents/Projects/AnalogyVis/analysis/annotations/histogram/R_8th69opGJIPs6xu_signature.png_actual_composite.png,/Users/h2o/Documents/Projects/AnalogyVis/analysis/annotations/histogram/R_8th69opGJIPs6xu_signature.png_analogy_composite.png
R_2EsBmy8K1Ws28xQ,675becafb9c875a1026c38b3,Heatmap,/Users/h2o/Desktop/finalSketches/HeatmapActual/R_2EsBmy8K1Ws28xQ_signature.png,/Users/h2o/Desktop/finalSketches/HeatmapAnalogy/R_2EsBmy8K1Ws28xQ_signature.png,/Users/h2o/Documents/Projects/AnalogyVis/analysis/annotations/heatmap/R_2EsBmy8K1Ws28xQ_signature.png_actual_composite.png,/Users/h2o/Documents/Projects/AnalogyVis/analysis/annotations/heatmap/R_2EsBmy8K1Ws28xQ_signature.png_analogy_composite.png
R_8s5J1YOHObht56t,65257c1a7780ceee7f6ef9bd,Heatmap,/Users/h2o/Desktop/finalSketches/HeatmapActual/R_8s5J1YOHObht56t_signature.png,/Users/h2o/Desktop/finalSketches/HeatmapAnalogy/R_8s5J1YOHObht56t_signature.png,/Users/h2o/Documents/Projects/AnalogyVis/analysis/annotations/heatmap/R_8s5J1YOHObht56t_signature.png_actual_composite.png,/Users/h2o/Documents/Projects/AnalogyVis/analysis/annotations/heatmap/R_8s5J1YOHObht56t_signature.png_analogy_composite.png
R_27QyT04gKZAJtCN,5f60713e595007000a8e1da7,StackedArea,/Users/h2o/Desktop/finalSketches/StackedAreaBaseline/R_27QyT04gKZAJtCN_signature.png,/Users/h2o/Desktop/finalSketches/StackedAreaAnalogy/R_27QyT04gKZAJtCN_signature.png,/Users/h2o/Documents/Projects/AnalogyVis/analysis/annotations/stackedArea/R_27QyT04gKZAJtCN_signature.png_actual_composite.png,/Users/h2o/Documents/Projects/AnalogyVis/analysis/annotations/stackedArea/R_27QyT04gKZAJtCN_signature.png_analogy_composite.png
R_8rqsacwkwQOyoTY,61268bfae35dcb011f6081b5,Waterfall,/Users/h2o/Desktop/finalSketches/WaterfallActual/R_8rqsacwkwQOyoTY_signature.png,/Users/h2o/Desktop/finalSketches/WaterfallAnalogy/R_8rqsacwkwQOyoTY_signature.png,/Users/h2o/Documents/Projects/AnalogyVis/analysis/annotations/waterfall/R_8rqsacwkwQOyoTY_signature.png_actual_composite.png,/Users/h2o/Documents/Projects/AnalogyVis/analysis/annotations/waterfall/R_8rqsacwkwQOyoTY_signature.png_analogy_composite.png
R_8XRsaZwVl9xf5Ch,673dbdb45619a09770515a71,StackedArea,/Users/h2o/Desktop/finalSketches/StackedAreaBaseline/R_8XRsaZwVl9xf5Ch_signature.png,/Users/h2o/Desktop/finalSketches/StackedAreaAnalogy/R_8XRsaZwVl9xf5Ch_signature.png,/Users/h2o/Documents/Projects/AnalogyVis/analysis/annotations/stackedArea/R_8XRsaZwVl9xf5Ch_signature.png_actual_composite.png,/Users/h2o/Documents/Projects/AnalogyVis/analysis/annotations/stackedArea/R_8XRsaZwVl9xf5Ch_signature.png_analogy_composite.png
R_2g6sG3yWKuYN2hC,66158689100c088c6ca9c9a0,BubbleChart,/Users/h2o/Desktop/finalSketches/BubbleActual/R_2g6sG3yWKuYN2hC_signature.png,/Users/h2o/Desktop/finalSketches/BubbleAnalogy/R_2g6sG3yWKuYN2hC_signature.png,/Users/h2o/Documents/Projects/AnalogyVis/analysis/annotations/bubble/R_2g6sG3yWKuYN2hC_signature.png_actual_composite.png,/Users/h2o/Documents/Projects/AnalogyVis/analysis/annotations/bubble/R_2g6sG3yWKuYN2hC_signature.png_analogy_composite.png
R_8QXVF1l2FZaA8UO,61141c855eb58d6a4e3d8d5b,Sunburst,/Users/h2o/Desktop/finalSketches/Sunburst Draw/R_8QXVF1l2FZaA8UO_signature.png,/Users/h2o/Desktop/finalSketches/SunburstAnalogy/R_8QXVF1l2FZaA8UO_signature.png,/Users/h2o/Documents/Projects/AnalogyVis/analysis/annotations/sunburst/R_8QXVF1l2FZaA8UO_signature.png_actual_composite.png,/Users/h2o/Documents/Projects/AnalogyVis/analysis/annotations/sunburst/R_8QXVF1l2FZaA8UO_signature.png_analogy_composite.png
R_6jVUsgVXxv9FUeX,5d8e622ac42e4e0019530ec6,BubbleChart,/Users/h2o/Desktop/finalSketches/BubbleActual/R_6jVUsgVXxv9FUeX_signature.png,/Users/h2o/Desktop/finalSketches/BubbleAnalogy/R_6jVUsgVXxv9FUeX_signature.png,/Users/h2o/Documents/Projects/AnalogyVis/analysis/annotations/bubble/R_6jVUsgVXxv9FUeX_signature.png_actual_composite.png,/Users/h2o/Documents/Projects/AnalogyVis/analysis/annotations/bubble/R_6jVUsgVXxv9FUeX_signature.png_analogy_composite.png
R_8rpe4wyoM31pDwp,66b0d065329001a04e5ae671,Waterfall,/Users/h2o/Desktop/finalSketches/WaterfallActual/R_8rpe4wyoM31pDwp_signature.png,/Users/h2o/Desktop/finalSketches/WaterfallAnalogy/R_8rpe4wyoM31pDwp_signature.png,/Users/h2o/Documents/Projects/AnalogyVis/analysis/annotations/waterfall/R_8rpe4wyoM31pDwp_signature.png_actual_composite.png,/Users/h2o/Documents/Projects/AnalogyVis/analysis/annotations/waterfall/R_8rpe4wyoM31pDwp_signature.png_analogy_composite.png
R_8Lj7xffnraAGvKn,5ec96e3609117f0a67231842,Heatmap,/Users/h2o/Desktop/finalSketches/HeatmapActual/R_8Lj7xffnraAGvKn_signature.png,/Users/h2o/Desktop/finalSketches/HeatmapAnalogy/R_8Lj7xffnraAGvKn_signature.png,/Users/h2o/Documents/Projects/AnalogyVis/analysis/annotations/heatmap/R_8Lj7xffnraAGvKn_signature.png_actual_composite.png,/Users/h2o/Documents/Projects/AnalogyVis/analysis/annotations/heatmap/R_8Lj7xffnraAGvKn_signature.png_analogy_composite.png
R_2bZ3Caxoa8vTikh,646d09329a9be6926ff22bed,Waterfall,/Users/h2o/Desktop/finalSketches/WaterfallActual/R_2bZ3Caxoa8vTikh_signature.png,/Users/h2o/Desktop/finalSketches/WaterfallAnalogy/R_2bZ3Caxoa8vTikh_signature.png,/Users/h2o/Documents/Projects/AnalogyVis/analysis/annotations/waterfall/R_2bZ3Caxoa8vTikh_signature.png_actual_composite.png,/Users/h2o/Documents/Projects/AnalogyVis/analysis/annotations/waterfall/R_2bZ3Caxoa8vTikh_signature.png_analogy_composite.png
R_6z5sv9foDBmtudT,675a5ad39c319c39e7753011,Sunburst,/Users/h2o/Desktop/finalSketches/Sunburst Draw/R_6z5sv9foDBmtudT_signature.png,/Users/h2o/Desktop/finalSketches/SunburstAnalogy/R_6z5sv9foDBmtudT_signature.png,/Users/h2o/Documents/Projects/AnalogyVis/analysis/annotations/sunburst/R_6z5sv9foDBmtudT_signature.png_actual_composite.png,/Users/h2o/Documents/Projects/AnalogyVis/analysis/annotations/sunburst/R_6z5sv9foDBmtudT_signature.png_analogy_composite.png
R_5S7e2R0wHmzHF1m,66c0e527746d984d9bff5f3f,Heatmap,/Users/h2o/Desktop/finalSketches/HeatmapActual/R_5S7e2R0wHmzHF1m_signature.png,/Users/h2o/Desktop/finalSketches/HeatmapAnalogy/R_5S7e2R0wHmzHF1m_signature.png,/Users/h2o/Documents/Projects/AnalogyVis/analysis/annotations/heatmap/R_5S7e2R0wHmzHF1m_signature.png_actual_composite.png,/Users/h2o/Documents/Projects/AnalogyVis/analysis/annotations/heatmap/R_5S7e2R0wHmzHF1m_signature.png_analogy_composite.png
R_8QOWN9fSDOIFVYJ,5c5b31c415f6c30001de2df5,Waterfall,/Users/h2o/Desktop/finalSketches/WaterfallActual/R_8QOWN9fSDOIFVYJ_signature.png,/Users/h2o/Desktop/finalSketches/WaterfallAnalogy/R_8QOWN9fSDOIFVYJ_signature.png,/Users/h2o/Documents/Projects/AnalogyVis/analysis/annotations/waterfall/R_8QOWN9fSDOIFVYJ_signature.png_actual_composite.png,/Users/h2o/Documents/Projects/AnalogyVis/analysis/annotations/waterfall/R_8QOWN9fSDOIFVYJ_signature.png_analogy_composite.png
R_1CdZOd9BbE6X474,6771d3e04b7744146a495b57,Heatmap,/Users/h2o/Desktop/finalSketches/HeatmapActual/R_1CdZOd9BbE6X474_signature.png,/Users/h2o/Desktop/finalSketches/HeatmapAnalogy/R_1CdZOd9BbE6X474_signature.png,/Users/h2o/Documents/Projects/AnalogyVis/analysis/annotations/heatmap/R_1CdZOd9BbE6X474_signature.png_actual_composite.png,/Users/h2o/Documents/Projects/AnalogyVis/analysis/annotations/heatmap/R_1CdZOd9BbE6X474_signature.png_analogy_composite.png
R_83dOdS6jzQLJbzc,65feaaac53eb219f09ad5ea0,BarChart,/Users/h2o/Desktop/finalSketches/BarActual/R_83dOdS6jzQLJbzc_signature.png,/Users/h2o/Desktop/finalSketches/BarAnalogy/R_83dOdS6jzQLJbzc_signature.png,/Users/h2o/Documents/Projects/AnalogyVis/analysis/annotations/bar/R_83dOdS6jzQLJbzc_signature.png_actual_composite.png,/Users/h2o/Documents/Projects/AnalogyVis/analysis/annotations/bar/R_83dOdS6jzQLJbzc_signature.png_analogy_composite.png
R_2NPYir4R7TNparT,5f600669b846780f0fe45709,StackedArea,/Users/h2o/Desktop/finalSketches/StackedAreaBaseline/R_2NPYir4R7TNparT_signature.png,/Users/h2o/Desktop/finalSketches/StackedAreaAnalogy/R_2NPYir4R7TNparT_signature.png,/Users/h2o/Documents/Projects/AnalogyVis/analysis/annotations/stackedArea/R_2NPYir4R7TNparT_signature.png_actual_composite.png,/Users/h2o/Documents/Projects/AnalogyVis/analysis/annotations/stackedArea/R_2NPYir4R7TNparT_signature.png_analogy_composite.png
R_8XdtnDOerVmxevL,66d819a27e8ac8c8dcdb605e,StackedArea,/Users/h2o/Desktop/finalSketches/StackedAreaBaseline/R_8XdtnDOerVmxevL_signature.png,/Users/h2o/Desktop/finalSketches/StackedAreaAnalogy/R_8XdtnDOerVmxevL_signature.png,/Users/h2o/Documents/Projects/AnalogyVis/analysis/annotations/stackedArea/R_8XdtnDOerVmxevL_signature.png_actual_composite.png,/Users/h2o/Documents/Projects/AnalogyVis/analysis/annotations/stackedArea/R_8XdtnDOerVmxevL_signature.png_analogy_composite.png
R_8UchA8DixTiaILz,6631974094690f6997799b7c,ButterflyChart,/Users/h2o/Desktop/finalSketches/ButterflyActual/R_8UchA8DixTiaILz_signature.png,/Users/h2o/Desktop/finalSketches/ButterflyAnalogy/R_8UchA8DixTiaILz_signature.png,/Users/h2o/Documents/Projects/AnalogyVis/analysis/annotations/butterfly/R_8UchA8DixTiaILz_signature.png_actual_composite.png,/Users/h2o/Documents/Projects/AnalogyVis/analysis/annotations/butterfly/R_8UchA8DixTiaILz_signature.png_analogy_composite.png
R_3k6WaC2A7idQsf6,62cd43d66c2dd7ae9ab53ae7,BarChart,/Users/h2o/Desktop/finalSketches/BarActual/R_3k6WaC2A7idQsf6_signature.png,/Users/h2o/Desktop/finalSketches/BarAnalogy/R_3k6WaC2A7idQsf6_signature.png,/Users/h2o/Documents/Projects/AnalogyVis/analysis/annotations/bar/R_3k6WaC2A7idQsf6_signature.png_actual_composite.png,/Users/h2o/Documents/Projects/AnalogyVis/analysis/annotations/bar/R_3k6WaC2A7idQsf6_signature.png_analogy_composite.png
R_8qss7plc3WFB8Dn,5c4f5967aac8be0001716a65,Histogram,/Users/h2o/Desktop/finalSketches/HistogramActual/R_8qss7plc3WFB8Dn_signature.png,/Users/h2o/Desktop/finalSketches/HistogramAnalogy/R_8qss7plc3WFB8Dn_signature.png,/Users/h2o/Documents/Projects/AnalogyVis/analysis/annotations/histogram/R_8qss7plc3WFB8Dn_signature.png_actual_composite.png,/Users/h2o/Documents/Projects/AnalogyVis/analysis/annotations/histogram/R_8qss7plc3WFB8Dn_signature.png_analogy_composite.png
R_21pLeGchQFI4zCp,665905fe269c7299f759eb07,Histogram,/Users/h2o/Desktop/finalSketches/HistogramActual/R_21pLeGchQFI4zCp_signature.png,/Users/h2o/Desktop/finalSketches/HistogramAnalogy/R_21pLeGchQFI4zCp_signature.png,/Users/h2o/Documents/Projects/AnalogyVis/analysis/annotations/histogram/R_21pLeGchQFI4zCp_signature.png_actual_composite.png,/Users/h2o/Documents/Projects/AnalogyVis/analysis/annotations/histogram/R_21pLeGchQFI4zCp_signature.png_analogy_composite.png
R_5gYExNnHUVuxUD7,675025ebcbd260ac2b9031ba,Histogram,/Users/h2o/Desktop/finalSketches/HistogramActual/R_5gYExNnHUVuxUD7_signature.png,/Users/h2o/Desktop/finalSketches/HistogramAnalogy/R_5gYExNnHUVuxUD7_signature.png,/Users/h2o/Documents/Projects/AnalogyVis/analysis/annotations/histogram/R_5gYExNnHUVuxUD7_signature.png_actual_composite.png,/Users/h2o/Documents/Projects/AnalogyVis/analysis/annotations/histogram/R_5gYExNnHUVuxUD7_signature.png_analogy_composite.png
R_1ZmrWkZ2WIFxkYN,60cee4ec871f36088fe20ff3,ButterflyChart,/Users/h2o/Desktop/finalSketches/ButterflyActual/R_1ZmrWkZ2WIFxkYN_signature.png,/Users/h2o/Desktop/finalSketches/ButterflyAnalogy/R_1ZmrWkZ2WIFxkYN_signature.png,/Users/h2o/Documents/Projects/AnalogyVis/analysis/annotations/butterfly/R_1ZmrWkZ2WIFxkYN_signature.png_actual_composite.png,/Users/h2o/Documents/Projects/AnalogyVis/analysis/annotations/butterfly/R_1ZmrWkZ2WIFxkYN_signature.png_analogy_composite.png
R_3WBhfzitcPgm05q,6757eff31cf1e45b5c2c89ae,Sunburst,/Users/h2o/Desktop/finalSketches/Sunburst Draw/R_3WBhfzitcPgm05q_signature.png,/Users/h2o/Desktop/finalSketches/SunburstAnalogy/R_3WBhfzitcPgm05q_signature.png,/Users/h2o/Documents/Projects/AnalogyVis/analysis/annotations/sunburst/R_3WBhfzitcPgm05q_signature.png_actual_composite.png,/Users/h2o/Documents/Projects/AnalogyVis/analysis/annotations/sunburst/R_3WBhfzitcPgm05q_signature.png_analogy_composite.png
R_23mJW9D7hbbGMW5,6713a8d7b21cb26dbea856bb,BarChart,/Users/h2o/Desktop/finalSketches/BarActual/R_23mJW9D7hbbGMW5_signature.png,/Users/h2o/Desktop/finalSketches/BarAnalogy/R_23mJW9D7hbbGMW5_signature.png,/Users/h2o/Documents/Projects/AnalogyVis/analysis/annotations/bar/R_23mJW9D7hbbGMW5_signature.png_actual_composite.png,/Users/h2o/Documents/Projects/AnalogyVis/analysis/annotations/bar/R_23mJW9D7hbbGMW5_signature.png_analogy_composite.png
R_2HiGIWFCHg1Nmox,62db2644ab0a3a353c0dcb54,ButterflyChart,/Users/h2o/Desktop/finalSketches/ButterflyActual/R_2HiGIWFCHg1Nmox_signature.png,/Users/h2o/Desktop/finalSketches/ButterflyAnalogy/R_2HiGIWFCHg1Nmox_signature.png,/Users/h2o/Documents/Projects/AnalogyVis/analysis/annotations/butterfly/R_2HiGIWFCHg1Nmox_signature.png_actual_composite.png,/Users/h2o/Documents/Projects/AnalogyVis/analysis/annotations/butterfly/R_2HiGIWFCHg1Nmox_signature.png_analogy_composite.png
R_2NDQ5emeod1xphg,629f6b8c65fcae219e245284,BarChart,/Users/h2o/Desktop/finalSketches/BarActual/R_2NDQ5emeod1xphg_signature.png,/Users/h2o/Desktop/finalSketches/BarAnalogy/R_2NDQ5emeod1xphg_signature.png,/Users/h2o/Documents/Projects/AnalogyVis/analysis/annotations/bar/R_2NDQ5emeod1xphg_signature.png_actual_composite.png,/Users/h2o/Documents/Projects/AnalogyVis/analysis/annotations/bar/R_2NDQ5emeod1xphg_signature.png_analogy_composite.png
R_8cejxSsSh86Lfd7,66c4a32221f616ebf48ab21d,ButterflyChart,/Users/h2o/Desktop/finalSketches/ButterflyActual/R_8cejxSsSh86Lfd7_signature.png,/Users/h2o/Desktop/finalSketches/ButterflyAnalogy/R_8cejxSsSh86Lfd7_signature.png,/Users/h2o/Documents/Projects/AnalogyVis/analysis/annotations/butterfly/R_8cejxSsSh86Lfd7_signature.png_actual_composite.png,/Users/h2o/Documents/Projects/AnalogyVis/analysis/annotations/butterfly/R_8cejxSsSh86Lfd7_signature.png_analogy_composite.png
R_2suArSWHDNKb4tH,6731fd49cb5d1b254feacf29,ButterflyChart,/Users/h2o/Desktop/finalSketches/ButterflyActual/R_2suArSWHDNKb4tH_signature.png,/Users/h2o/Desktop/finalSketches/ButterflyAnalogy/R_2suArSWHDNKb4tH_signature.png,/Users/h2o/Documents/Projects/AnalogyVis/analysis/annotations/butterfly/R_2suArSWHDNKb4tH_signature.png_actual_composite.png,/Users/h2o/Documents/Projects/AnalogyVis/analysis/annotations/butterfly/R_2suArSWHDNKb4tH_signature.png_analogy_composite.png
R_2gINcBc3nz9orUJ,6752e1980dcfbca68df8455e,BarChart,/Users/h2o/Desktop/finalSketches/BarActual/R_2gINcBc3nz9orUJ_signature.png,/Users/h2o/Desktop/finalSketches/BarAnalogy/R_2gINcBc3nz9orUJ_signature.png,/Users/h2o/Documents/Projects/AnalogyVis/analysis/annotations/bar/R_2gINcBc3nz9orUJ_signature.png_actual_composite.png,/Users/h2o/Documents/Projects/AnalogyVis/analysis/annotations/bar/R_2gINcBc3nz9orUJ_signature.png_analogy_composite.png
R_8VgyI7BelUZbT6Y,58d3bc1642648b0001f21ca4,BubbleChart,/Users/h2o/Desktop/finalSketches/BubbleActual/R_8VgyI7BelUZbT6Y_signature.png,/Users/h2o/Desktop/finalSketches/BubbleAnalogy/R_8VgyI7BelUZbT6Y_signature.png,/Users/h2o/Documents/Projects/AnalogyVis/analysis/annotations/bubble/R_8VgyI7BelUZbT6Y_signature.png_actual_composite.png,/Users/h2o/Documents/Projects/AnalogyVis/analysis/annotations/bubble/R_8VgyI7BelUZbT6Y_signature.png_analogy_composite.png
R_2DtOcX1JcVzppo6,61267b828ead584bcf092e35,Sunburst,/Users/h2o/Desktop/finalSketches/Sunburst Draw/R_2DtOcX1JcVzppo6_signature.png,/Users/h2o/Desktop/finalSketches/SunburstAnalogy/R_2DtOcX1JcVzppo6_signature.png,/Users/h2o/Documents/Projects/AnalogyVis/analysis/annotations/sunburst/R_2DtOcX1JcVzppo6_signature.png_actual_composite.png,/Users/h2o/Documents/Projects/AnalogyVis/analysis/annotations/sunburst/R_2DtOcX1JcVzppo6_signature.png_analogy_composite.png
